,title,score,id,url,comms_num,body
0,Lost dog immediately recognizes his owner in court room,184224,6tq83b,http://i.imgur.com/5qMAsSS.gifv,4882,
1,My sister made a sweater for Spaghetti...I think he loves it.,163699,7m44jt,https://i.redd.it/yj0ny67qe5601.jpg,2471,
2,"""Leave the internet and come play with me.""",144449,5nbxbh,http://i.imgur.com/hKONDKp.gifv,1511,
3,My brother is a low functioning downsie. He used to love to hold babies but it's rare someone let's him now. My wife and I let him hold our baby today and here is his look when we gave her to him and then the way he held her without movement for 5 minutes. I almost cried. :),144182,7hnp89,https://i.redd.it/hkyez7cal1201.jpg,640,
4,This is Ben. He has a beard. And he is human sized. We get fun looks in traffic.,142946,89inzk,https://i.redd.it/nfzix3rgerp01.jpg,2528,
5,When you get to bring your dog to work and she reminds you that you’re her favorite person.,142862,846vfm,https://i.redd.it/b7s8awb1zkl01.jpg,1000,
6,Senior dog meets a puppy and starts to feel like a puppy himself.,142839,7n5yf5,https://i.imgur.com/lWAYMnS.gifv,1482,
7,Loving his job a bit too much,138653,7ptdhc,https://i.imgur.com/BpIDwOX.gifv,1412,
8,My landlord was replacing our sink and sent me this.,137618,8narht,https://i.redd.it/p71x6eh891111.jpg,1697,
9,She's in love with the new tiny human,136035,7kfahs,https://i.imgur.com/V4duPVE.gifv,2032,
10,I couldn't believe what I was seeing when I pulled up next to these three amidst a snowstorm,135437,7u3h0g,https://i.redd.it/6h5137qf89d01.jpg,1084,
11,"So this is Eclipse. Every day she leaves her house by herself, and takes the bus downtown to the dog park. She even has her own bus pass attached to her collar.",134030,6h4alm,https://i.redd.it/7hcah0o5ii3z.jpg,3112,
12,Service pitbull training to protect his owner's head when she has a seizure,131712,6sf506,https://gfycat.com/WavyHelplessChameleon,3451,
13,"This is ""Frida"", she has saved 52 people so far in Mexico's Earthquake",130723,71eyzu,https://i.imgur.com/kPkQTic.jpg,1577,
14,Puppy wants to nap with his friend,130308,7ojx5y,https://i.imgur.com/TAAsLjN.gifv,811,
15,I haven't found what they broke yet,128652,7bwtiu,https://imgur.com/Ke8Uxel,1995,
16,Falling asleep.,127358,7sweit,https://i.imgur.com/8srChE2.gifv,1354,
17,My sister's husky ran out of ink while giving birth,126645,6vmv8d,https://i.redd.it/bqjvrehhmkhz.jpg,2209,
18,My roommate FaceTimes his little sister every week to help her with Algebra.,125871,7d45lj,https://i.redd.it/17dnad8s75yz.jpg,2172,
19,Give her back!!!,125616,7qte3u,https://i.redd.it/9py51x3jgga01.gif,1188,
20,I had to babysit my daughters kitten and she requested proof that he was okay so I sent her this,125069,7fb0ww,https://imgur.com/DOxAmKE,1288,
21,I take my dog to my store every day. One older Italian woman liked Bentley so much she came back and gave him a hat she knitted!,125042,808yeq,https://i.imgur.com/5v8u8GP.jpg,903,
22,"When you're shy, but you also have a crush on someone",124971,78yhv9,https://i.imgur.com/GnStjlN.gifv,1033,
23,Licks vs. noms,123883,7j70nu,https://i.imgur.com/9y2mDXc.gifv,416,
24,We don’t deserve dogs,123610,788hn0,https://i.redd.it/uwvjph19mltz.jpg,1272,
25,These best friends got the same haircut to trick their teacher so she wouldn't be able to tell them apart.,123258,5wzsuw,https://i.redd.it/v1bxmg3oyviy.jpg,3975,
26,"My cat Pepe loved my roomie, and she recently moved out. I’m not crying, you’re crying...",122631,84nz9p,https://i.redd.it/hfu8j7j4jyl01.jpg,2360,
27,My cousin made secret friends with the little Amish boy down the road and he brings his little cart and horse to come say hi to her every few days.,122624,6l4lfm,https://i.redd.it/s8it5aw9vh7z.jpg,3519,
28,A fan for life.,122493,7fqhdn,https://i.imgur.com/wC6FdP4.gifv,523,
29,We have an office dog and he visited me today.,121453,7cpplp,https://i.redd.it/39w0xd9ersxz.jpg,2074,
30,My daughter does this every time she wakes up and sees me,120519,8cjiuv,https://v.redd.it/fyi7xa37z5s01,2106,
31,The animal handlers at the Oregon Zoo took Elephant around to meet some other animals. The sea lions were her favorite.,120382,6j0ycp,http://i.imgur.com/4nlgwoc.jpg,1744,
32,This pic alone is worth the $9 I paid for this costume.,119902,79h3xb,https://i.redd.it/cly5r9f9gsuz.jpg,620,
33,Guess I’m a fake doggo now,118371,7klgnr,https://gfycat.com/tartsatisfiedemu,956,
34,At the shelter vs. 30 minutes after being adopted,118175,7t0ys1,https://i.imgur.com/ue1KUpS.gifv,1554,
35,“Human. You pets.”,116338,7dekzd,https://v.redd.it/7fc19ht6xdyz,1369,
36,The best kind of customer service,115339,6w8uxy,https://i.imgur.com/3teOsMe.gifv,676,
37,From kitten to cat.,113876,7qf4py,https://i.imgur.com/K9YWnXI.gifv,1217,
38,NYC will only let you bring a dog on the subway if it can fit in a bag,113481,6lqe58,http://i.imgur.com/Z9iGKWv.gifv,1568,
39,POLICE DOG KEEP AWAY,113362,7lb9gh,https://i.imgur.com/nQaN63p.gifv,962,
40,Little boy just wants to hug the police officer,112984,7i2z6g,https://i.imgur.com/5U3A49u.gifv,2321,
41,pupper of darkness,112883,6x1vht,https://gfycat.com/RepulsiveIdolizedDassie,2183,
42,The smallest awooo,112648,8eox16,https://v.redd.it/08k8pdgzvxt01,1262,
43,"My daughter volunteering at our local shelter, helping feed the puppies. She was taken down and overpowered by adorableness.",112585,7a84nk,https://i.redd.it/qb8d1ln0pgvz.jpg,1146,
44,"Daughter teaches dad how to take selfies, this is what happens",112414,7cvs0v,https://i.redd.it/qkz2c77p6yxz.jpg,1405,
45,"Ah, You Got Me!.. Is He Still Lookin?- Oh Crap.",110980,837zq4,http://i.imgur.com/Tdy8yDC.gifv,650,
46,"The homeowner said that the buck shows up everyday, so they gave him a bed too.",110827,82nygg,https://i.redd.it/7ie0fewk6ck01.png,1535,
47,I decided to go back to college in my 30's and my grandma sends me a card every month for support.,110168,8b4s6p,https://i.imgur.com/dTJkvkn.jpg,1601,
48,Kitty trying his best to pet gently,110102,7dmckn,https://v.redd.it/xthx1xm8hkyz,1627,
49,My attempt at a banana for scale picture of my mini dachshund Rusty. It seems like he had other plans,110077,7r4xqb,http://imgur.com/kPfiwIG,938,
