,username,tweet,time
0,Lana‚òÄÔ∏è,"RT @IyanlaVanzant: Nobody likes being rejected, but rejection does not mean that there is something wrong with you.",2018-06-05 20:42:36
1,Carmen Jenkins,RT @marinesanctuary: June 3-9 is now officially #DCOceanWeek to coincide with both Capitol Hill Ocean Week and #WorldOceansDay. Thank you @‚Ä¶,2018-06-05 20:42:36
2,"Academy of Music, Theatre, &Dance",It‚Äôs amazing to have our alum backing teaching their former peers!  Such wonderful mentoring! https://t.co/5LsDmqXxy1,2018-06-05 20:42:31
3,AAHP,Harriet Tubman first escaped slavery in 1849 and then made 13 trips back to Maryland to guide friends and family to‚Ä¶ https://t.co/7beyZ1eCx6,2018-06-05 20:42:27
4,CHICKAPEA,RT @FDAfood: Enjoy #NationalCheeseDay. Check the label to make sure it pasteurized! https://t.co/7IsgjN93i4 https://t.co/vos51HHwxa,2018-06-05 20:42:25
5,DJ,"RT @IyanlaVanzant: Truth, order, love, faith and patience when used as the foundations of our actions, decisions, and interactions will put‚Ä¶",2018-06-05 20:42:19
6,Hunter,RT @barstoolUMD: The DC Sports Miracle @PFTCommenter @BarstoolNate https://t.co/9JFh1ZWBUu,2018-06-05 20:42:18
7,Vanessa‚≠ê,"Proud mom moment. when you beat yourself up for not being the best mom, your kid does incredible things to make you‚Ä¶ https://t.co/ihy3PdUEiB",2018-06-05 20:42:16
8,Beth Daniel,RT @owillis: conservatives never refer to white athletes like tom brady as overpriveleged ne'er do wells with expensive cars. those guys ha‚Ä¶,2018-06-05 20:42:11
9,Deisy Sanchez,We got slammed with 6 babies today....ima need y‚Äôall to stop popping babies til Thursday k thanks,2018-06-05 20:42:11
10,Ë∂ÖÁú†„ÅÑ,"RT @ItsTheShadsy: Zeddas 3: Labyrinthe, a Japanese adventure game that was previously assumed lost, leaked out today. There's a lot more to‚Ä¶",2018-06-05 20:42:06
11,üñ§√ÖnTMƒÅnüÉèüç¨üå∫,RT @TearGuwap: It‚Äôs All Up From Here üìàüë®üèæ‚Äçüéì #BlairAlumni #Graduation2018 #bsu22üíõüñ§üê∂ https://t.co/3OtIsFmLeX,2018-06-05 20:42:04
12,Bill Colbert,RT @FDAMedia: FDA takes action against 53 websites marketing unapproved opioids as part of a comprehensive effort to target illegal online‚Ä¶,2018-06-05 20:42:03
13,tuoi thin,RT @owillis: so watch trump at his event about patriotism not know the words to the national anthem because he;s a dumb phony fraud https:/‚Ä¶,2018-06-05 20:42:02
14,John A Conley,"RT @owillis: social security and medicare are running out!*

* as long as we dont increase the revenue by taxing the super-rich, megacorps,‚Ä¶",2018-06-05 20:41:57
15,CHICKAPEA,RT @FDAMedia: FDA warns companies to stop selling dangerous and illegal pure and highly concentrated caffeine products https://t.co/HpXUtGN‚Ä¶,2018-06-05 20:41:56
16,The kid,Mood https://t.co/lEdFy0cAys,2018-06-05 20:41:55
17,Physics Today,Philanthropic organizations can help scientists secure long-term financing that does not require them to produce sh‚Ä¶ https://t.co/Zo6MpsXtDs,2018-06-05 20:41:51
18,CHICKAPEA,RT @FDAMedia: FDA takes action against 53 websites marketing unapproved opioids as part of a comprehensive effort to target illegal online‚Ä¶,2018-06-05 20:41:49
19,C.P. Hoffman üôÄ,"@comicsgirl I really like the Elves stuff, but yeah.... it feels like they're not putting as much effort into them‚Ä¶ https://t.co/wnJ1Qtb94s",2018-06-05 20:41:43
20,idk why i keep changing this,Never argue with stupid people. They will drag you down to their level and then beat you with experience.,2018-06-05 20:41:43
21,Delande St√©phanie,"RT @theNCI: Products claiming to ""cure"" cancer are a cruel deception, the FDA has warned, noting that these products are rampant:    https:‚Ä¶",2018-06-05 20:41:42
22,Tyron K Bey,@SouthwindEDU @PrincipalKafele Give info.  Please expand,2018-06-05 20:41:41
23,Jacob Rasch,this guy better be related to zach day https://t.co/leS7zPRaex,2018-06-05 20:41:37
24,Brandi Richardson,RT @blairprincipal: Fun with some of our Chorus Stars before graduation! üéì https://t.co/TOXw1KdUyX,2018-06-05 20:41:37
25,‚Ä¢Nora‚Ä¢,HAPPY BIRTHDAY PETE ‚ù§Ô∏è‚ù§Ô∏è‚ù§Ô∏è @petewentz https://t.co/2JDmhjA8oC,2018-06-05 20:41:31
26,Brandi Richardson,"RT @blairprincipal: Retweeted MBHS PTSA (@BlairPTSA):

Congratulations #Blazers2018 - SGA Pres &amp; Class officers are ready for the big day!‚Ä¶",2018-06-05 20:41:30
27,DJ,"RT @IyanlaVanzant: People who judge, criticize, blame, and find fault are pests. They cannot be ignored. They must be eliminated from your‚Ä¶",2018-06-05 20:41:30
28,VLONELY.,üòÇ https://t.co/cbzoD0lOME,2018-06-05 20:41:28
29,anthony,"RT @ItsTheShadsy: Zeddas 3: Labyrinthe, a Japanese adventure game that was previously assumed lost, leaked out today. There's a lot more to‚Ä¶",2018-06-05 20:41:26
30,BrainScope Company,@NATAFoundation Should be a roarin' good time! We can't wait! https://t.co/JMbSavKchE,2018-06-05 20:41:24
31,Cashprize,RT @alleycatallies: This beauty is excited for her favorite day of the week: #FeralTuesday! Join in the fun and share the community cats in‚Ä¶,2018-06-05 20:41:22
32,Mar√≠aJ.D√≠azCandamio,RT @FDAMedia: FDA warns companies to stop selling dangerous and illegal pure and highly concentrated caffeine products https://t.co/HpXUtGN‚Ä¶,2018-06-05 20:41:22
33,Kyle,"RT @ccpecknold: The Renaissance Is Real.

Our Future Is Bright. 

#JoinUs @CatholicUniv https://t.co/LhjTTAopvE",2018-06-05 20:41:16
34,DS,@lindap225 I‚Äôm so glad and I hope the rest of your day is great too! ‚ù§Ô∏èüå∑,2018-06-05 20:41:16
35,Ricki Fairley,RT @Kyle_Lierman: So are we!!! https://t.co/mZ7EfyWXfR,2018-06-05 20:41:14
36,Raydawgg,RT @Rosales_Eliseo: So a bitch found 40$ yesterday RT for goodluck https://t.co/697rwS0kgh,2018-06-05 20:41:12
37,anthony,"RT @ItsTheShadsy: I wrote a post explaining the situation ‚Äì where these rare Japanese games are coming from, what the plan is for releasing‚Ä¶",2018-06-05 20:41:09
38,moths [ metamorphosed ],"RT @xychelsea: ** chelsea is recovering and in the company of friends. we thank everyone for their well-wishes and support.

if you or some‚Ä¶",2018-06-05 20:41:06
39,Dave Chalker,@BestGuiseEver @GTGChristopher @ChattyDM  https://t.co/kHQvjpRhkZ,2018-06-05 20:41:05
40,Blake Ebersole,RT @AHPA1982: Four Takeaways from the Dietary Supplements Regulatory Summit 2018 https://t.co/BodZr6SuKE,2018-06-05 20:41:00
41,moths [ metamorphosed ],"RT @xychelsea: ** chelsea is safe. she is on the phone with friends, thanks everyone for your concern and please give her some space",2018-06-05 20:40:56
42,Alive Chapman,"RT @alleycatallies: You know that it's #FeralTuesday, but do you know what it means? Learn about feral and stray cats at https://t.co/Trcrv‚Ä¶",2018-06-05 20:40:55
43,"Terrence L. Blackwell, Esq.","The legal difference between sexual misconduct, assault, and harassment, explained https://t.co/2pbetyZqPw via @voxdotcom",2018-06-05 20:40:54
44,Mason,"RT @owillis: Don‚Äôt worry, Republicans won‚Äôt go all in with pretending to be worried about social security insolvency until the Democrats ha‚Ä¶",2018-06-05 20:40:52
45,mr. rogers‚Äô psychiatrist,"I wish we didn‚Äôt have to make so many different t-shirts dedicated to school shootings.  

It‚Äôs a twisted world I tell ya",2018-06-05 20:40:50
46,‚ö°Ô∏èGarrett Ferguson‚ö°Ô∏è,"RT @ryanmink: I know it's just guys in shorts and no pads, but the deep-ball connection between Joe Flacco and Smokey Brown seems kinda leg‚Ä¶",2018-06-05 20:40:47
47,Beauteaful,RT @Rosales_Eliseo: So a bitch found 40$ yesterday RT for goodluck https://t.co/697rwS0kgh,2018-06-05 20:40:46
48,Dan Soderberg,"RT @testudotimes: üëÄ
üê¢ https://t.co/CuHrn4MsXO",2018-06-05 20:40:44
49,BmoreKarl,@NotoriousFoxx @socialnet2018 @clixpixels @Pappiness @realDonaldTrump @votevets @adamcbest @mikd33 @jules_su‚Ä¶ https://t.co/1egkCDmEn1,2018-06-05 20:40:43
50,ItsCedsWorld,@ShimmyRunner These people would be burning a crosses across America.,2018-06-05 20:40:36
51,Monae üíï,RT @Rosales_Eliseo: So a bitch found 40$ yesterday RT for goodluck https://t.co/697rwS0kgh,2018-06-05 20:40:34
52,Rose Solari,Had a terrible time with @AppleSupport on the phone today. Took 3 calls to prove that the issue can‚Äôt be fixed over‚Ä¶ https://t.co/0xmNXg2jFb,2018-06-05 20:40:32
53,S.Major,"RT @educationweek: Social-emotional learning strategies, explained in 3 minutes: https://t.co/LYi75JpPpX 
https://t.co/LTTmOO1KaK",2018-06-05 20:40:31
54,üöÄ,RT @TearGuwap: It‚Äôs All Up From Here üìàüë®üèæ‚Äçüéì #BlairAlumni #Graduation2018 #bsu22üíõüñ§üê∂ https://t.co/3OtIsFmLeX,2018-06-05 20:40:25
55,Terrapin Times,@lrgsptswrtr That‚Äôs a loaded question lol,2018-06-05 20:40:21
56,Ned Konin,@ZachHonig @thepointsguy If I use my AAdvantage Aviator Silver Card to purchase a mileage multiplier with my flight‚Ä¶ https://t.co/eCjnKPISLs,2018-06-05 20:40:19
57,Tatyana ‚ôï,RT @Rosales_Eliseo: So a bitch found 40$ yesterday RT for goodluck https://t.co/697rwS0kgh,2018-06-05 20:40:17
58,Leeyah ü§∏üèæ‚Äç‚ôÄÔ∏èüíô,RT @Rosales_Eliseo: So a bitch found 40$ yesterday RT for goodluck https://t.co/697rwS0kgh,2018-06-05 20:40:15
59,Maroone Cancer CCF,RT @NCIMedia: Nice piece by @MMarchioneAP on how funds raised by sales of breast cancer stamp helped start the landmark #TAILORx study via‚Ä¶,2018-06-05 20:40:12
60,aves :),RT @owillis: the world doesn't deserve this kid https://t.co/2KPi843yA6,2018-06-05 20:40:12
61,Dr. Pamela Peeke,New algorithm determines ideal caffeine intake for the best results - @ZMEScience https://t.co/4s1qJJGDDk https://t.co/8AbXUfhp4F,2018-06-05 20:40:06
62,HHS Region 10,RT @SGottliebFDA: Today #FDA approved a new biosimilar to help reduce the risk of infection during cancer treatment. Bringing new biosimila‚Ä¶,2018-06-05 20:40:05
63,LESIBAM,"RT @IyanlaVanzant: Nobody likes being rejected, but rejection does not mean that there is something wrong with you.",2018-06-05 20:40:04
64,lil kyla üíó,RT @Rosales_Eliseo: So a bitch found 40$ yesterday RT for goodluck https://t.co/697rwS0kgh,2018-06-05 20:40:04
65,Leslie Slaton,RT @Rosales_Eliseo: So a bitch found 40$ yesterday RT for goodluck https://t.co/697rwS0kgh,2018-06-05 20:40:04
66,Aristote DAKPO,RT @IyanlaVanzant: The only way to get to where you want to be is to do what needs to be done to get there.,2018-06-05 20:40:04
67,Ro-üÖ±Ô∏è,RT @Rosales_Eliseo: So a bitch found 40$ yesterday RT for goodluck https://t.co/697rwS0kgh,2018-06-05 20:40:00
68,Education Week,"Social-emotional learning strategies, explained in 3 minutes: https://t.co/LYi75JpPpX 
https://t.co/LTTmOO1KaK",2018-06-05 20:40:00
69,John Leonard,Drone Photography Captures U.S.-Mexico Border | Pulitzer Center https://t.co/88AvTijQXl,2018-06-05 20:39:58
70,Ivana Kaput,"RT @owillis: social security and medicare are running out!*

* as long as we dont increase the revenue by taxing the super-rich, megacorps,‚Ä¶",2018-06-05 20:39:56
71,Linkz,"RT @IyanlaVanzant: Nobody likes being rejected, but rejection does not mean that there is something wrong with you.",2018-06-05 20:39:56
72,Jennifer F Hendricks,RT @accorg: Today the STAR Act will become law. The President is scheduled to sign the bill at 5:15! Thank you for taking action to transfo‚Ä¶,2018-06-05 20:39:56
73,Morgan Casey,RT @TearGuwap: It‚Äôs All Up From Here üìàüë®üèæ‚Äçüéì #BlairAlumni #Graduation2018 #bsu22üíõüñ§üê∂ https://t.co/3OtIsFmLeX,2018-06-05 20:39:51
74,Derik Schneider,"#Aerosmith, on #MTV's #Unplugged I believe in the 1990s, playing #LoveMeTwoTimes from #JimMorrison and #TheDoors. G‚Ä¶ https://t.co/EOYppfUpUO",2018-06-05 20:39:47
75,Y - JOCELYN üèíü¶Ö,"@DatsFantastic i‚Äôm going bonkers, ashley, seriously. i don‚Äôt know how to process any of this. this has quite litera‚Ä¶ https://t.co/osbmyPteLQ",2018-06-05 20:39:44
76,Divergent Planning,Rare mixed day. https://t.co/CeZCRaRYwO,2018-06-05 20:39:44
77,MBMOEÓÑØ,RT @ccpecknold: The Lord does indeed love every person He makes. But God neither makes nor wills the disordering of sexual appetite. Anyone‚Ä¶,2018-06-05 20:39:40
78,‚úäüèæ,RT @Rosales_Eliseo: So a bitch found 40$ yesterday RT for goodluck https://t.co/697rwS0kgh,2018-06-05 20:39:37
79,‚ò™Ô∏èhic,"RT @IyanlaVanzant: Nobody likes being rejected, but rejection does not mean that there is something wrong with you.",2018-06-05 20:39:31
80,Carol Demcak,"RT @owillis: ""When fascism comes to America it will be wrapped in the flag and carrying a cross."" https://t.co/mOu11sMyPD",2018-06-05 20:39:30
81,Devin D. Thorpe,RT @microvestfund: #Financialinclusion is a key tool for weathering economic shocks. Read more about how MicroVest and the MFIs we lend to‚Ä¶,2018-06-05 20:39:29
82,b,https://t.co/KkRxrkbKP5 i need one more person to join to be able to rent a minion moonbounce for my birthday,2018-06-05 20:39:28
83,Calebüéí,RT @TearGuwap: It‚Äôs All Up From Here üìàüë®üèæ‚Äçüéì #BlairAlumni #Graduation2018 #bsu22üíõüñ§üê∂ https://t.co/3OtIsFmLeX,2018-06-05 20:39:27
84,Nicholas Bentley,Aw look at Spud https://t.co/VLpHG4PibK,2018-06-05 20:39:26
85,Allied Party Rentals,Outdoor events and festivals are increasingly popular venues choices. What outdoor events are you planning this sum‚Ä¶ https://t.co/UVIANTU5ov,2018-06-05 20:39:25
86,Rafa‚ö°Ô∏è,RT @Rosales_Eliseo: So a bitch found 40$ yesterday RT for goodluck https://t.co/697rwS0kgh,2018-06-05 20:39:21
87,Ryan Mink,"I know it's just guys in shorts and no pads, but the deep-ball connection between Joe Flacco and Smokey Brown seems‚Ä¶ https://t.co/vzuV86dYVw",2018-06-05 20:39:19
88,Peter Boon,"RT @NIAIDNews: NEWS: An experimental #HIVvaccine regimen elicited antibodies in mice, guinea pigs and monkeys that neutralize dozens of #HI‚Ä¶",2018-06-05 20:39:09
89,Heather Swift,"RT @theNCI: As this summary for patients with cancer explains, precision medicine does not yet apply to everyone: https://t.co/A9OJUswONz #‚Ä¶",2018-06-05 20:39:09
90,Jason Cantow,@realDonaldTrump All government workers. I heard a memo went out.,2018-06-05 20:39:07
91,Dove Jewelry Design,New! Handmade Sterling Silver &amp; Semiprecious Stone Teardrop Earrings. https://t.co/0KFmfHcXYn¬†#etsymntt https://t.co/BTkym6uDGw,2018-06-05 20:39:02
92,Ibby,A gorgeous bathroom from our friends @CaseDesignInc! https://t.co/8DqDm5qDsO,2018-06-05 20:38:59
93,Oluwatobi,RT @IyanlaVanzant: It is often difficult to get other people to follow your train of thought. Stop trying. It's your train.,2018-06-05 20:38:58
94,Dylan Maltz,"RT @TerpsMLax: That Bryan Cole goal tho üëÄ

#ProTerpsüê¢

 https://t.co/w3hrsulWbA",2018-06-05 20:38:56
95,kelvin,"RT @owillis: Don‚Äôt worry, Republicans won‚Äôt go all in with pretending to be worried about social security insolvency until the Democrats ha‚Ä¶",2018-06-05 20:38:55
96,Eve Lily,"RT @IyanlaVanzant: People come into your life for a reason, a season, or a lifetime.",2018-06-05 20:38:54
97,CYNTHIA,"RT @IyanlaVanzant: Nobody likes being rejected, but rejection does not mean that there is something wrong with you.",2018-06-05 20:38:53
98,they say im black.,"RT @IyanlaVanzant: Nobody likes being rejected, but rejection does not mean that there is something wrong with you.",2018-06-05 20:38:53
99,Uncle Billy Dray,Re-up,2018-06-05 20:38:43
100,Shelly,@PotterlessPod @dotttiejames  https://t.co/vxZp5iIOk9,2018-06-05 20:38:40
101,Wallace D. Loh,"Nice pick, Terps https://t.co/sFx9SPDD5R",2018-06-05 20:38:38
102,E.,RT @IAmYoungKnoll: Count your blessings not your problems..,2018-06-05 20:38:32
103,Kate Green,@dcsportsbog my caps sweater has been in the closet all playoffs and there it will stay till it's over. i allllmost‚Ä¶ https://t.co/LD8F67vu2I,2018-06-05 20:38:28
104,saf,no man is entitled to have sex with you but ya‚Äôll gotta start using ya‚Äôll brains lmao Future not flying out/paying‚Ä¶ https://t.co/YwR8ipFedU,2018-06-05 20:38:26
105,Clark Oliver,"@darrell1965mcd @Well_Regulated_ go back to your current quest in Airport City, Darrell.",2018-06-05 20:38:26
106,Jason J. Swain,#allcaps https://t.co/ljyZDDKt1Z,2018-06-05 20:38:23
107,Monitaüíïü§òüèΩ,"RT @IyanlaVanzant: Nobody likes being rejected, but rejection does not mean that there is something wrong with you.",2018-06-05 20:38:21
108,false smerdis,my fucking thesis https://t.co/nCuNVYkR2g,2018-06-05 20:38:14
109,Sarah May #WeAreTheUniversity,RT @farman: Slowness can be deployed in predatory ways to reiterate power structures and inequities. Delays (as I'll argue in my presentati‚Ä¶,2018-06-05 20:38:14
110,Rita Lopes,RT @owillis: so watch trump at his event about patriotism not know the words to the national anthem because he;s a dumb phony fraud https:/‚Ä¶,2018-06-05 20:38:14
111,Icantbelievethisfreakingworldposthack,RT @owillis: so watch trump at his event about patriotism not know the words to the national anthem because he;s a dumb phony fraud https:/‚Ä¶,2018-06-05 20:38:10
112,Brandi Richardson,RT @blairmagnet: On the Ss.  Go Carolyn!  Not sure we‚Äôll be done by 11.  #mcpsgrad https://t.co/AAzIXNDKAQ,2018-06-05 20:38:10
113,alaa a elnour,RT @NIHDirector: Extra genes found only in humans helped us grow a larger #brain. Check out the detective story! #NIH #neuroscience #genomi‚Ä¶,2018-06-05 20:38:09
114,Love & Light,"RT @IyanlaVanzant: People who judge, criticize, blame, and find fault are pests. They cannot be ignored. They must be eliminated from your‚Ä¶",2018-06-05 20:38:05
115,mr. rogers‚Äô psychiatrist,@isabelzawtun Whatta waste of her time,2018-06-05 20:38:00
116,ANA Ethics,#AI lacks #compassion #UK group raises #ethical concerns regarding #AI in healthcare https://t.co/iaMKwFxfxS,2018-06-05 20:38:00
117,Brandi Richardson,RT @blairmagnet: @blairprincipal Ms. Johnson addresses our class of 2018. #MCPSgrad https://t.co/Xwc1WTUnQL,2018-06-05 20:38:00
118,Eden,@CPHwriter I feel like it might be the next step. The Elves sets are still hanging in there but I also feel like th‚Ä¶ https://t.co/0HZqkbEMRP,2018-06-05 20:37:56
119,"Terrence L. Blackwell, Esq.",Clinton defends response to Lewinsky questions: 'I got hot under the collar' https://t.co/Q7L1AmO7f7 via @nypost,2018-06-05 20:37:55
120,Brandi Richardson,RT @blairmagnet: Perry starts us off with the first diploma earned by our class of 2018.  #MCPSgrad https://t.co/8ZcwMHScYe,2018-06-05 20:37:54
121,JMedina,Lmaoo https://t.co/sTo0b0J54Z,2018-06-05 20:37:51
122,Eric Meyer,@Sandollar89 @brownricediva He didn't know the words to that one either.,2018-06-05 20:37:51
123,ü¶ã,"RT @jauntwraps: ‚ú®geode slice wrapped with quartz, amethyst and opals‚ú®
‚ú®pink aura quartz pinecone wrapped with opals and moonstones‚ú®
geode b‚Ä¶",2018-06-05 20:37:50
124,India,I agree https://t.co/sOhPPytCUf,2018-06-05 20:37:48
125,Irreverent Testimony,"RT @owillis: social security and medicare are running out!*

* as long as we dont increase the revenue by taxing the super-rich, megacorps,‚Ä¶",2018-06-05 20:37:47
126,ChristyWintersScott,RT @NBCSWizards: Zhaire Smith is a defensive menace. He would also fill a glaring need for the #Wizards. https://t.co/lHLbqjUSNf,2018-06-05 20:37:44
127,Kerron Moore,"RT @IyanlaVanzant: People who judge, criticize, blame, and find fault are pests. They cannot be ignored. They must be eliminated from your‚Ä¶",2018-06-05 20:37:42
128,Keren Eloise,"RT @msolmnn: Thanos: Give me the Time Stone

Dr. Strange: 

#InfinityWar https://t.co/GXgfmowc9c",2018-06-05 20:37:41
129,Mike Abrams,https://t.co/JjtIDPZYe9 https://t.co/HulF3jlFc5,2018-06-05 20:37:38
130,Jasmine Velazquez,"RT @IyanlaVanzant: Truth, order, love, faith and patience when used as the foundations of our actions, decisions, and interactions will put‚Ä¶",2018-06-05 20:37:38
131,Kenneth Samson,Patches of Snow on the Red Planet via NASA https://t.co/HdpFE4lW1N https://t.co/yKTWKOvldq,2018-06-05 20:37:34
132,James Mallos,@JesseFFerguson And new tax burdens on homeowners and charities.,2018-06-05 20:37:31
133,AfricaShadesüá≤üá±,RT @IyanlaVanzant: The only way to get to where you want to be is to do what needs to be done to get there.,2018-06-05 20:37:27
134,/O_O\____Œ©,"RT @winterinformal: Now, *that* is some team cohesion https://t.co/FsEEjdXFfb",2018-06-05 20:37:23
135,Shelly,@PotterlessPod @dotttiejames Oh really? You were talking about someone going to the hospital wing and getting choco‚Ä¶ https://t.co/PE18a4jVjH,2018-06-05 20:37:21
136,The Eye Clinic,RT @NatEyeInstitute: Dilating the pupil during an eye exam allows more light to enter the eye ‚Äî the same way opening a door lets light into‚Ä¶,2018-06-05 20:37:20
137,Robert Odom,"RT @Kyle_Lierman: Marylanders! 

Today is the LAST DAY you can register to vote in the primary election that is on June 26!

Register at ht‚Ä¶",2018-06-05 20:37:15
138,cyril widdershoven,RT @dbyman: US thinking of expanding involvement in Yemen: https://t.co/obE2k1tvAH via @WSJ,2018-06-05 20:37:14
139,Emily Lyon #GunReformNow,"RT @owillis: ""When fascism comes to America it will be wrapped in the flag and carrying a cross."" https://t.co/mOu11sMyPD",2018-06-05 20:37:14
140,Ryan T. Anderson,"RT @ccpecknold: The Renaissance Is Real.

Our Future Is Bright. 

#JoinUs @CatholicUniv https://t.co/LhjTTAopvE",2018-06-05 20:37:14
141,Coaster Enthusiast,"RT @IyanlaVanzant: Nobody likes being rejected, but rejection does not mean that there is something wrong with you.",2018-06-05 20:37:12
142,John Meroney,RT @AlanTonelson: Yet another reason why #TrumpTariffs on #steel &amp; #aluminum need to be global in scope. #trade #Trump #China #overcapacity‚Ä¶,2018-06-05 20:37:11
143,Nadia,RT @Rosales_Eliseo: So a bitch found 40$ yesterday RT for goodluck https://t.co/697rwS0kgh,2018-06-05 20:37:10
144,Walter Kolczynski,There's no reason to have an outline for a 12-minute talk. Especially one that is seven items.,2018-06-05 20:37:04
145,C.P. Hoffman üôÄ,@comicsgirl Yaaaaaas,2018-06-05 20:37:02
146,"Terrence L. Blackwell, Esq.","@TiffaniThiessen 20 years after @BillClinton who had an affair with  #MonicaLewinsky, the former Governor of Arkans‚Ä¶ https://t.co/Xmqf9aPijA",2018-06-05 20:36:57
147,GEICO Service Team,@krbhardwaj I am sorry that you are unhappy with the services for your claim.  Please send me a private message wit‚Ä¶ https://t.co/jcUG84MzUT,2018-06-05 20:36:55
148,Nina,"RT @umd_usnda: E-board applications for the 2018-2019 school year, are currently open and due on Wednesday June 13th! If you have any quest‚Ä¶",2018-06-05 20:36:54
149,David Lello,RT @FidelisCyber: It‚Äôs day one of #Infosec18! Stop by our stand K100 where you can take part in our trivia and find out how to ensure the b‚Ä¶,2018-06-05 20:36:54
150,Andrew Migogo,"RT @IyanlaVanzant: Nobody likes being rejected, but rejection does not mean that there is something wrong with you.",2018-06-05 20:36:46
151,Gene Meyer,My latest NY Times story: Washington Torn Over How to Grow Without ‚ÄòBreaking Up a Village‚Äô https://t.co/1MfiTjKHSG‚Ä¶ https://t.co/BA8iKXlDkw,2018-06-05 20:36:46
152,Kay,:) https://t.co/6LFSoq3KnN,2018-06-05 20:36:46
153,Tridentine Nole,RT @ccpecknold: The Lord does indeed love every person He makes. But God neither makes nor wills the disordering of sexual appetite. Anyone‚Ä¶,2018-06-05 20:36:45
154,Brandi Richardson,RT @MBHSCounseling: Find your passion! Nora Roberts Blair Alum '68 https://t.co/hzgoVHQNoj,2018-06-05 20:36:44
155,mr. rogers‚Äô psychiatrist,"I worship none. Not the best of us, and certainly not the worst of us. 

If anyone, I worship and pledge allegiance to myself.",2018-06-05 20:36:42
156,michael calo üá∫üá∏,"RT @Kyle_Lierman: Marylanders! 

Today is the LAST DAY you can register to vote in the primary election that is on June 26!

Register at ht‚Ä¶",2018-06-05 20:36:38
157,·¥∫·¥∑ toni,"RT @Kyle_Lierman: Marylanders! 

Today is the LAST DAY you can register to vote in the primary election that is on June 26!

Register at ht‚Ä¶",2018-06-05 20:36:38
158,D3M0N_D,@Genetic_BR @calloussss Stop being happy about daily accomplishments when you don't know how the state of mind of y‚Ä¶ https://t.co/5JcTTRSHOj,2018-06-05 20:36:38
159,Eileen Lindburg,"RT @owillis: social security and medicare are running out!*

* as long as we dont increase the revenue by taxing the super-rich, megacorps,‚Ä¶",2018-06-05 20:36:36
160,05/02 üëë,RT @Rosales_Eliseo: So a bitch found 40$ yesterday RT for goodluck https://t.co/697rwS0kgh,2018-06-05 20:36:35
161,WayneClark,That would be so cool! Maybe there could be a g-d (@loribush) after all. https://t.co/0MKjD5L8qQ,2018-06-05 20:36:34
162,Brandi Richardson,RT @MBHSCounseling: That's a lot of diploma covers to get through https://t.co/3OsTrgAJbB,2018-06-05 20:36:32
163,Antonette,"RT @IyanlaVanzant: People come into your life for a reason, a season, or a lifetime.",2018-06-05 20:36:32
164,Brandi Richardson,RT @mbhsacademy: Follow your own light! Be passionate and find what you love! What you are is amazing. What you'll BE is even more amazing‚Ä¶,2018-06-05 20:36:28
165,Nanette,"RT @owillis: military chorus: And the land of the freee
trump: mumble mumble *stops singing hopes nobody notices* mumble mumble https://t.c‚Ä¶",2018-06-05 20:36:27
166,Josh Reinson,"RT @TerpsMLax: 30-7 record.
USILA All-American.
Senior CLASS Award All-American.
4x Academic All-Big Ten.

""Being able to come to the Unive‚Ä¶",2018-06-05 20:36:24
167,.,RT @CJLOVESREDBONES: You ain‚Äôt gotta be from the hood to be hard you can be a stand up nigga from anywhere rep where you from,2018-06-05 20:36:23
168,Elliott Vanskike,ok it is time https://t.co/lDPcA1zCkb,2018-06-05 20:36:21
169,Brandi Richardson,RT @mbhsacademy: We are magic! @blairprincipal @MBHSmusic @mshcmusic https://t.co/3fvMoLhq4k,2018-06-05 20:36:21
170,Ernest Belcher,RT @ellenwhite: Continual devotion establishes so close a relation between Jesus and His disciple that the Christian becomes like Him in mi‚Ä¶,2018-06-05 20:36:19
171,Ice Player,RT @owillis: so watch trump at his event about patriotism not know the words to the national anthem because he;s a dumb phony fraud https:/‚Ä¶,2018-06-05 20:36:19
172,Jason J. Swain,"@KimSajet Gday Kim, I guess you have a bigger crowd than usual lately. I have a portrait studio here in Maryland wh‚Ä¶ https://t.co/ms76tGKTYK",2018-06-05 20:36:16
173,‚ú®R&B‚ú®,RT @Rosales_Eliseo: So a bitch found 40$ yesterday RT for goodluck https://t.co/697rwS0kgh,2018-06-05 20:36:14
174,POVhilariousD,@mastashake08 @BIEfromCOONAda Now i do have some photoshop tutorials on my channel but they are more advanced: Phot‚Ä¶ https://t.co/xtOrToHhDf,2018-06-05 20:36:11
175,Maryland Black Bears,Black Bears take defenseman Luc Salem from California üèÑ with our 5th pick in the #NAHLDraft https://t.co/T4T7XW0kWO,2018-06-05 20:36:09
176,Saivon Hines üí∞,RT @Rosales_Eliseo: So a bitch found 40$ yesterday RT for goodluck https://t.co/697rwS0kgh,2018-06-05 20:36:05
177,Chase Smith,@filmcolours Imagine it being like The Wiz üëÄ Colors üëÄ,2018-06-05 20:36:02
178,Kylie,"RT @owillis: sarah sanders, every day: im lying, you know im lying, tomorrow ill be lying again. also you and your profession are scum.

ma‚Ä¶",2018-06-05 20:36:01
179,Joan le Sensenic,"RT @ItsTheShadsy: Zeddas 3: Labyrinthe, a Japanese adventure game that was previously assumed lost, leaked out today. There's a lot more to‚Ä¶",2018-06-05 20:36:00
180,Sala Ayan,RT @IyanlaVanzant: Every word we utter is a prayer. We must always speak in a manner that promotes love and harmony.,2018-06-05 20:35:58
181,(((Kiki))),RT @owillis: Just Say It‚Äôs Racist https://t.co/udn5n28nTx,2018-06-05 20:35:54
182,Say YES to SES!,RT @LenTheTen: Potomac River spectacularly high this morning. Will it go higher @capitalweather ? https://t.co/jmom7f3hqh,2018-06-05 20:35:52
183,joe colangelo,"RT @MarylandMSoccer: The man @SaintC17 shows out everywhere üî•

Two clean sheets in two matches put him on the PDL Team of the Week! https:/‚Ä¶",2018-06-05 20:35:49
184,Juan Daniel Zamora,RT @dbyman: US thinking of expanding involvement in Yemen: https://t.co/obE2k1tvAH via @WSJ,2018-06-05 20:35:46
185,Nick Schwartz,"RT @theStevenRuiz: @Nick_Schwartz speaking for all of America in his #TheBachelorette power rankings for Week 2. I want some gd banjo. 

ht‚Ä¶",2018-06-05 20:35:42
186,The Rolling Brick,"RT @therollingbrick: Come out to Brookside Garden's summer concert series opening Tue. 6/5, 6-8:30pm for pizza! #dinnertime #pizza #outdoor‚Ä¶",2018-06-05 20:35:39
187,„ÇΩ„É¨„É´@„Éë„ÉÑ„Ç∑„Ç£„Åè„Çì„ÅåÂ§ßÂ•Ω„Åç,"@stellarstag That's a valid take, but some people just find GameCube controllers to be easier? Hell, even Mario Ten‚Ä¶ https://t.co/PAttaaDMGp",2018-06-05 20:35:38
188,BRITT da BARTENDER,RT @IyanlaVanzant: It is often difficult to get other people to follow your train of thought. Stop trying. It's your train.,2018-06-05 20:35:37
189,Brandi Richardson,RT @blairprincipal: Our Senior Class Officers!üéì https://t.co/GPhjLFP5qq,2018-06-05 20:35:35
190,l e n a üíÆ,RT @TearGuwap: It‚Äôs All Up From Here üìàüë®üèæ‚Äçüéì #BlairAlumni #Graduation2018 #bsu22üíõüñ§üê∂ https://t.co/3OtIsFmLeX,2018-06-05 20:35:32
191,Chase Smith,Wooooooooooooooooooooooooooooooooooooooooow this is perfectttttttttttttttttttttt for him https://t.co/X9oycH3Zbf,2018-06-05 20:35:27
192,Markus Videnieks,We live in a satire. https://t.co/MGLBDGZ1Ly,2018-06-05 20:35:25
193,Chris Paez,@candicekp EXACTLY! All of the Iris haters and the people shitting on Pratt need to sit the fuck down and remember‚Ä¶ https://t.co/vHzY9DzX6m,2018-06-05 20:35:24
194,Stella Rouse,*Not The Onion* https://t.co/L32oOJ0r6b,2018-06-05 20:35:23
195,Author Joe Braxton,"RT @Kyle_Lierman: Marylanders! 

Today is the LAST DAY you can register to vote in the primary election that is on June 26!

Register at ht‚Ä¶",2018-06-05 20:35:20
196,Daniel Abadi,"@jstnlvndski @awscloud OK, great.  I was more familiar with the Postgres team, so I'm glad to have a connection to‚Ä¶ https://t.co/zmkPVGUO0I",2018-06-05 20:35:20
197,BeauNArrow,RT @Rosales_Eliseo: So a bitch found 40$ yesterday RT for goodluck https://t.co/697rwS0kgh,2018-06-05 20:35:18
198,M‚ÄôBaku‚Äôs 16th baby mama,"RT @IyanlaVanzant: People who judge, criticize, blame, and find fault are pests. They cannot be ignored. They must be eliminated from your‚Ä¶",2018-06-05 20:35:18
199,Keila  Storti,"RT @medlineplus: RT @CDCDiabetes: A #prediabetes diagnosis is an opportunity to prevent type 2 diabetes.
Learn more: https://t.co/qAnoC1MlW‚Ä¶",2018-06-05 20:35:14
